1|Sleek Granite Bench|Roche Bobois|1799.00|5
2|Ergonomic Copper Lamp|Ikea|12.90|20
3|Aerodynamic Cotton Coat|Barbour|249.95|30
4|Enormous Linen Lamp|Habitat|275.30|4
5|Practical Cotton Pants|Nike|95.50|50
6|Enormous Bronze Gloves|No brand|45.00|60
7|Ergonomic Leather Lamp|Habitat|279.90|7
8|Aerodynamic Plastic Bottle|Evian|5.90|600
9|Practical Concrete Lamp|Au Comptoir Des Lustres|545.65|9
10|Rustic Linen Bottle|Volvic|3.45|200
11|Enormous Bronze Shirt|Adidas|25.30|50
12|Enormous Copper Clock|Breitling|8999.00|2
13|Small Marble Keyboard|Alien|19.95|30
14|Incredible Copper Lamp|Ikea|29.95|40
15|Lightweight Bronze Wallet|Hugo Boss|299.75|0
16|Lightweight Leather Chair|4 pieds|69.50|60
17|Synergistic Granite Hat|Puma|29.00|70
18|Aerodynamic Wool Watch|IWC|3990.00|80
19|Synergistic Concrete Watch|Chanel|5000.00|90
20|Awesome Wool Bench|Green Garden|119.45|10
21|Rustic Granite Table|Roche Bobois|7697.00|1
22|Fantastic Wool Coat|Cop Copine|197.35|9
23|Enormous Cotton Gloves|Reusch|37.50|30
24|Aerodynamic Bronze Gloves|Reusch|97.45|40
25|Incredible Paper Computer|Cray|1249550.00|5
26|Aerodynamic Linen Lamp|Ikea|29.95|60
27|Heavy Duty Silk Bottle|Hepar|1.45|70
28|Incredible Bronze Clock|Festina|345.45|80
29|Heavy Duty Linen Knife|Seisuke|145.35|90
